<?xml version="1.1" encoding="UTF-8"?>

<channel name="xfce4-desktop" version="1.0">
  <property name="backdrop" type="empty">
    <property name="screen0" type="empty">
      <property name="monitoreDP-1" type="empty">
        <property name="workspace0" type="empty">
          <property name="last-image" type="string" value="/usr/share/backgrounds/BatarongOS-Modern.png"/>
          <property name="image-style" type="int" value="3"/>
        </property>
      </property>
      <property name="monitorVirtual-1" type="empty">
        <property name="workspace0" type="empty">
          <property name="last-image" type="string" value="/usr/share/backgrounds/BatarongOS-Modern.png"/>
          <property name="image-style" type="int" value="3"/>
        </property>
      </property>
    </property>
  </property>
  <property name="last-settings-migration-version" type="uint" value="1"/>
  <property name="last" type="empty">
    <property name="window-width" type="int" value="702"/>
    <property name="window-height" type="int" value="497"/>
  </property>
</channel>
